"Country Name","Country Code","Indicator Name","Indicator Code",Attribute,2013,2014,2015,2016,2017,2018,2019,2020,2021,2022,2023,
"St. Vincent and the Grenadines","364","Consumer Prices, end of period, percent change","PCPIE_PCH","Value","0","0.093","-2.05","0.951","3.016","1.372","0.451","-0.988","3.448","6.667","3.414",
"Panama","283","General government net lending/borrowing, percent of fiscal year GDP","GGXCNL_GDP","Value","-2.148","-3.017","-2.336","-1.906","-2.088","-3.082","-3.262","-9.985","-6.37","-3.928","-3.104",
"Guyana","336","Consumer Prices, end of period, percent change","PCPIE_PCH","Value","0.887","1.172","-1.814","1.454","1.51","1.637","2.061","0.948","5.672","7.24","3.83",
"Uruguay","298","General government net lending/borrowing, percent of fiscal year GDP","GGXCNL_GDP","Value","-1.722","-2.6","-1.857","-2.681","-2.51","-1.87","-2.619","-4.659","-2.604","-2.52","-3.232",
"St. Kitts and Nevis","361","General government net lending/borrowing, percent of fiscal year GDP","GGXCNL_GDP","Value","10.931","8.516","5.62","3.763","0.54","1.151","-0.702","-3.057","5.622","-3.254","4.513",
"United States","111","Gross domestic product, constant prices, National Currency, percent change","NGDP_RPCH","Value","1.842","2.288","2.707","1.668","2.242","2.945","2.295","-2.768","5.947","2.062","2.085",
"Honduras","268","Gross domestic product, constant prices, National Currency, percent change","NGDP_RPCH","Value","2.792","3.058","3.84","3.893","4.843","3.845","2.653","-8.965","12.534","4","2.9",
"Guatemala","258","Gross domestic product, constant prices, National Currency, percent change","NGDP_RPCH","Value","3.695","4.444","4.092","2.678","3.08","3.407","4.018","-1.792","8.002","4.118","3.432",
"Guatemala","258","Consumer Prices, end of period, percent change","PCPIE_PCH","Value","4.387","2.947","3.066","4.232","5.677","2.313","3.406","4.824","3.068","9.236","5.371",
"Guatemala","258","General government net lending/borrowing, percent of fiscal year GDP","GGXCNL_GDP","Value","-2.164","-1.921","-1.472","-1.11","-1.384","-1.881","-2.236","-4.91","-1.168","-1.707","-1.771",
"St. Kitts and Nevis","361","Consumer Prices, end of period, percent change","PCPIE_PCH","Value","0.613","-0.546","-2.396","0.028","0.756","-0.749","-0.837","-1.179","1.931","3.855","2.625",
"Guyana","336","General government net lending/borrowing, percent of fiscal year GDP","GGXCNL_GDP","Value","-2.259","-3.902","-0.728","-3.194","-3.127","-2.583","-2.545","-7.786","-7.282","-5.178","-6.714",
"Honduras","268","Consumer Prices, end of period, percent change","PCPIE_PCH","Value","4.917","5.82","2.357","3.315","4.728","4.224","4.084","4.013","5.316","9.796","5.3",
"Honduras","268","General government net lending/borrowing, percent of fiscal year GDP","GGXCNL_GDP","Value","-5.73","-2.897","-0.781","-0.397","-0.408","0.197","0.088","-4.493","-3.139","1.65","-1.853",
"Panama","283","Gross domestic product, constant prices, National Currency, percent change","NGDP_RPCH","Value","6.903","5.067","5.733","4.953","5.591","3.685","3.282","-17.668","15.836","10.809","6",
"St. Kitts and Nevis","361","Gross domestic product, constant prices, National Currency, percent change","NGDP_RPCH","Value","5.706","7.587","0.717","3.91","0.017","2.053","4.05","-14.561","-0.891","8.823","4.899",
"Guyana","336","Gross domestic product, constant prices, National Currency, percent change","NGDP_RPCH","Value","3.653","1.686","0.687","3.807","3.734","4.441","5.353","43.48","20.06","62.288","38.432",
"St. Lucia","362","General government net lending/borrowing, percent of fiscal year GDP","GGXCNL_GDP","Value","-4.775","-3.057","-2.333","-1.352","-2.21","-1.038","-3.498","-11.492","-5.45","-1.453","-2.138",
"Trinidad and Tobago","369","Gross domestic product, constant prices, National Currency, percent change","NGDP_RPCH","Value","3.504","3.936","0.978","-7.527","-4.801","-0.602","0.361","-9.078","-1.037","1.482","2.507",
"Guatemala","258","Balance of Payments, Current Account, Total, Net(BPM6), percent of GDP in U.S. dollars","BCA_GDP_BP6","Value","-4.225","-3.301","-1.244","0.965","1.197","0.886","2.361","5.049","2.199","1.389","2.381",
"Grenada","328","Gross domestic product, constant prices, National Currency, percent change","NGDP_RPCH","Value","2.351","7.342","6.445","3.74","4.439","4.361","0.677","-13.757","4.689","6.354","3.87",
"Haiti","263","General government net lending/borrowing, percent of fiscal year GDP","GGXCNL_GDP","Value","-3.976","-3.641","-1.472","0.117","-0.305","-1.126","-1.994","-2.496","-2.553","-2.052","-1.513",
"Costa Rica","238","General government net lending/borrowing, percent of fiscal year GDP","GGXCNL_GDP","Value","-5.246","-5.454","-5.522","-5.094","-5.879","-5.66","-6.684","-8.38","-5.113","-2.841","-3.465",
"Ecuador","248","General government net lending/borrowing, percent of fiscal year GDP","GGXCNL_GDP","Value","-8.29","-8.128","-6.727","-10.062","-5.785","-2.804","-3.455","-7.124","-1.607","0.046","-1.037",
"United States","111","Consumer Prices, end of period, percent change","PCPIE_PCH","Value","1.319","0.524","0.695","2.197","2.178","1.926","2.088","1.565","7.398","6.433","3.011",
"Ecuador","248","Gross domestic product, constant prices, National Currency, percent change","NGDP_RPCH","Value","4.947","3.789","0.099","-1.226","2.368","1.289","0.012","-7.788","4.235","2.948","1.372",
"Latin America and the Caribbean","205","Consumer Prices, end of period, percent change","PCPIE_PCH","Value","4.538","4.936","6.046","4.525","6.221","7.53","7.693","6.316","11.529","14.579","13.646",
"Latin America and the Caribbean","205","General government net lending/borrowing, percent of fiscal year GDP","GGXCNL_GDP","Value","-3.158","-4.606","-5.734","-5.181","-5.316","-4.957","-3.758","-8.206","-3.845","-3.309","-4.605",
"Latin America and the Caribbean","205","Balance of Payments, Current Account, Total, Net(BPM6), percent of GDP in U.S. dollars","BCA_GDP_BP6","Value","-2.968","-3.281","-3.544","-2.213","-1.805","-2.726","-2.15","-0.358","-2.018","-2.445","-1.769",
"Argentina","213","General government net lending/borrowing, percent of fiscal year GDP","GGXCNL_GDP","Value","-3.254","-4.252","-6.001","-6.655","-6.693","-5.441","-4.395","-8.588","-4.321","-3.849","-3.985",
"Paraguay","288","Consumer Prices, end of period, percent change","PCPIE_PCH","Value","3.747","4.214","3.105","3.922","4.515","3.2","2.81","2.168","6.827","8.117","4.101",
"Peru","293","Gross domestic product, constant prices, National Currency, percent change","NGDP_RPCH","Value","5.852","2.384","3.252","3.954","2.522","3.97","2.24","-10.953","13.35","2.683","1.13",
"Canada","156","Gross domestic product, constant prices, National Currency, percent change","NGDP_RPCH","Value","2.329","2.87","0.659","1.001","3.04","2.777","1.888","-5.074","5.012","3.438","1.292",
"Canada","156","Consumer Prices, end of period, percent change","PCPIE_PCH","Value","0.956","1.974","1.273","1.414","1.833","2.054","2.062","0.779","4.734","6.642","2.702",
"Canada","156","General government net lending/borrowing, percent of fiscal year GDP","GGXCNL_GDP","Value","-1.495","0.175","-0.062","-0.453","-0.112","0.36","-0.017","-10.91","-4.381","-0.814","-0.727",
"Barbados","316","Gross domestic product, constant prices, National Currency, percent change","NGDP_RPCH","Value","-1.411","-0.126","2.446","2.485","0.478","-0.583","-0.523","-13.311","-0.189","9.8","4.5",
"Mexico","273","Consumer Prices, end of period, percent change","PCPIE_PCH","Value","3.974","4.081","2.131","3.36","6.773","4.831","2.829","3.15","7.355","7.817","4.5",
"Grenada","328","Consumer Prices, end of period, percent change","PCPIE_PCH","Value","-1.24","-0.628","1.114","0.923","0.531","1.404","0.073","-0.803","1.918","2.905","3.41",
"Panama","283","Consumer Prices, end of period, percent change","PCPIE_PCH","Value","3.737","0.97","0.294","1.463","0.481","0.158","-0.064","-1.575","2.624","2.075","2.192",
"Argentina","213","Gross domestic product, constant prices, National Currency, percent change","NGDP_RPCH","Value","2.405","-2.513","2.731","-2.08","2.819","-2.617","-2.001","-9.9","10.718","4.956","-2.5",
"Argentina","213","Consumer Prices, end of period, percent change","PCPIE_PCH","Value","10.946","23.915",,,"24.796","47.646","53.832","36.141","50.942","94.793","135.668",
"Costa Rica","238","Gross domestic product, constant prices, National Currency, percent change","NGDP_RPCH","Value","2.495","3.542","3.652","4.204","4.158","2.616","2.418","-4.273","7.781","4.305","4.415",
"Costa Rica","238","Consumer Prices, end of period, percent change","PCPIE_PCH","Value","3.68","5.127","-0.808","0.765","2.574","2.027","1.522","0.892","3.299","7.877","-0.925",
"Jamaica","343","Consumer Prices, end of period, percent change","PCPIE_PCH","Value","9.473","6.357","3.661","1.725","5.235","2.44","6.219","5.18","7.321","9.361","5",
"Jamaica","343","General government net lending/borrowing, percent of fiscal year GDP","GGXCNL_GDP","Value","0.119","-0.496","-0.289","-0.194","0.452","1.181","0.915","-3.105","0.918","0.283","0.278",
"Uruguay","298","Consumer Prices, end of period, percent change","PCPIE_PCH","Value","8.523","8.266","9.444","8.09","6.551","7.961","8.801","9.401","7.97","8.296","5.4",
"Mexico","273","General government net lending/borrowing, percent of fiscal year GDP","GGXCNL_GDP","Value","-3.559","-4.371","-3.859","-2.681","-1.034","-2.139","-2.264","-4.291","-3.758","-4.326","-3.9",
"Costa Rica","238","Balance of Payments, Current Account, Total, Net(BPM6), percent of GDP in U.S. dollars","BCA_GDP_BP6","Value","-4.772","-4.716","-3.404","-2.137","-3.617","-2.991","-1.283","-1.012","-2.483","-3.74","-2.774",
"St. Lucia","362","Gross domestic product, constant prices, National Currency, percent change","NGDP_RPCH","Value","-2.222","1.303","-0.24","3.805","3.379","2.861","-0.2","-23.586","11.315","15.674","3.225",
"Belize","339","Consumer Prices, end of period, percent change","PCPIE_PCH","Value","1.607","-0.173","-0.585","1.148","1.033","-0.108","0.164","0.381","4.906","6.737","2.036",
"Venezuela","299","Gross domestic product, constant prices, National Currency, percent change","NGDP_RPCH","Value","1.343","-3.894","-6.221","-17.04","-15.671","-19.655","-27.67","-29.995","1","8","4",
"Belize","339","General government net lending/borrowing, percent of fiscal year GDP","GGXCNL_GDP","Value","-1.212","-1.724","-5.103","-4.435","-3.45","-1.349","-2.86","-8.431","-3.207","-0.749","-0.548",
"Dominican Republic","243","Consumer Prices, end of period, percent change","PCPIE_PCH","Value","3.876","1.582","2.344","1.695","4.204","1.171","3.656","5.554","8.496","7.827","3.97",
"Bahamas, The","313","General government net lending/borrowing, percent of fiscal year GDP","GGXCNL_GDP","Value","-5.118","-4.558","-3.382","-2.637","-8.13","-3.333","-1.679","-7.44","-13.126","-5.8","-3.639",
"Venezuela","299","Consumer Prices, end of period, percent change","PCPIE_PCH","Value","56.193","68.54","180.87","274.354","862.629","130060.24","9585.49","2959.84","686.383","233.986","249.986",
"Mexico","273","Gross domestic product, constant prices, National Currency, percent change","NGDP_RPCH","Value","0.852","2.504","2.702","1.772","1.872","1.972","-0.278","-8.652","5.838","3.898","3.177",
"Bolivia","218","General government net lending/borrowing, percent of fiscal year GDP","GGXCNL_GDP","Value","0.656","-3.364","-6.904","-7.243","-7.824","-8.143","-7.221","-12.722","-9.328","-7.123","-5.735",
"Dominican Republic","243","Gross domestic product, constant prices, National Currency, percent change","NGDP_RPCH","Value","4.875","7.05","6.927","6.659","4.667","6.983","5.052","-6.72","12.272","4.858","2.966",
"Paraguay","288","General government net lending/borrowing, percent of fiscal year GDP","GGXCNL_GDP","Value","-1.068","-0.551","-1.814","-0.397","-0.882","-1.541","-3.75","-7.069","-5.979","-3.771","-4.243",
"Bolivia","218","Gross domestic product, constant prices, National Currency, percent change","NGDP_RPCH","Value","6.796","5.461","4.857","4.264","4.195","4.224","2.217","-8.738","6.106","3.478","1.8",
"Bolivia","218","Consumer Prices, end of period, percent change","PCPIE_PCH","Value","6.48","5.194","2.953","4.003","2.715","1.507","1.469","0.67","0.901","3.123","3.637",
"Peru","293","Consumer Prices, end of period, percent change","PCPIE_PCH","Value","2.858","3.23","4.394","3.235","1.365","2.193","1.9","1.973","6.427","8.46","4.209",
"Peru","293","General government net lending/borrowing, percent of fiscal year GDP","GGXCNL_GDP","Value","0.733","-0.227","-2.115","-2.239","-2.913","-1.987","-1.356","-9.012","-2.546","-1.401","-2.209",
"Suriname","366","Consumer Prices, end of period, percent change","PCPIE_PCH","Value","0.6","3.9","25.1","52.4","9.296","5.441","4.215","60.739","60.694","54.58","40.034",
"Brazil","223","Gross domestic product, constant prices, National Currency, percent change","NGDP_RPCH","Value","3.005","0.504","-3.546","-3.276","1.323","1.784","1.221","-3.277","4.989","2.901","3.084",
"Brazil","223","Consumer Prices, end of period, percent change","PCPIE_PCH","Value","5.911","6.408","10.673","6.288","2.947","3.745","4.306","4.517","10.061","5.785","4.896",
"Nicaragua","278","Balance of Payments, Current Account, Total, Net(BPM6), percent of GDP in U.S. dollars","BCA_GDP_BP6","Value","-12.569","-8.028","-9.873","-8.483","-7.16","-1.797","5.932","3.596","-3.114","-1.327","2.118",
"United States","111","Balance of Payments, Current Account, Total, Net(BPM6), percent of GDP in U.S. dollars","BCA_GDP_BP6","Value","-2.016","-2.109","-2.244","-2.119","-1.887","-2.142","-2.066","-2.835","-3.566","-3.816","-2.951",
"St. Lucia","362","Balance of Payments, Current Account, Total, Net(BPM6), percent of GDP in U.S. dollars","BCA_GDP_BP6","Value",,"-2.46","-0.685","-6.517","-1.982","1.391","5.518","-15.23","-6.995","-2.278","-0.745",
"Barbados","316","Consumer Prices, end of period, percent change","PCPIE_PCH","Value","1.208","2.388","-2.507","3.828","6.567","-46.541","3.033","0.393","2.151","5.742","5.025",
"Paraguay","288","Balance of Payments, Current Account, Total, Net(BPM6), percent of GDP in U.S. dollars","BCA_GDP_BP6","Value","1.607","-0.125","-0.215","4.261","3.005","-0.168","0.422","3.572","-0.765","-5.972","0.595",
"Venezuela","299","Balance of Payments, Current Account, Total, Net(BPM6), percent of GDP in U.S. dollars","BCA_GDP_BP6","Value","1.778","2.291","-12.795","-3.427","7.513","8.442","5.885","-3.492","-1.185","3.592","2.195",
"Dominican Republic","243","Balance of Payments, Current Account, Total, Net(BPM6), percent of GDP in U.S. dollars","BCA_GDP_BP6","Value","-4.092","-3.226","-1.797","-1.075","-0.166","-1.543","-1.334","-1.694","-2.843","-5.556","-3.697",
"Uruguay","298","Balance of Payments, Current Account, Total, Net(BPM6), percent of GDP in U.S. dollars","BCA_GDP_BP6","Value","-3.208","-2.939","-0.253","0.824","0.011","-0.457","1.241","-0.804","-2.525","-3.513","-3.741",
"Jamaica","343","Balance of Payments, Current Account, Total, Net(BPM6), percent of GDP in U.S. dollars","BCA_GDP_BP6","Value","-9.546","-8.037","-3.039","-0.308","-2.694","-1.501","-1.914","-1.13","1.017","-0.763","-1.236",
"Trinidad and Tobago","369","Balance of Payments, Current Account, Total, Net(BPM6), percent of GDP in U.S. dollars","BCA_GDP_BP6","Value","19.765","14.241","7.762","-3.345","6.009","6.785","4.405","-6.714","11.266","17.908","5.726",
"Ecuador","248","Balance of Payments, Current Account, Total, Net(BPM6), percent of GDP in U.S. dollars","BCA_GDP_BP6","Value","-0.981","-0.657","-2.237","1.095","-0.176","-1.217","-0.142","2.891","3.181","2.357","1.472",
"Trinidad and Tobago","369","General government net lending/borrowing, percent of fiscal year GDP","GGXCNL_GDP","Value","-2.737","-4.384","-7.462","-10.003","-10.627","-5.901","-3.755","-12.168","-8.525","0.33","-1.934",
"Haiti","263","Gross domestic product, constant prices, National Currency, percent change","NGDP_RPCH","Value","4.325","1.723","2.563","1.812","2.51","1.668","-1.685","-3.343","-1.798","-1.682","-1.5",
"Trinidad and Tobago","369","Consumer Prices, end of period, percent change","PCPIE_PCH","Value","5.675","8.378","1.586","3.122","1.325","1.027","0.37","0.829","3.47","8.738","3.492",
"Haiti","263","Consumer Prices, end of period, percent change","PCPIE_PCH","Value","4.306","3.985","8.439","10.668","10.834","13.255","19.675","25.176","13.062","38.656","30.096",
"Canada","156","Balance of Payments, Current Account, Total, Net(BPM6), percent of GDP in U.S. dollars","BCA_GDP_BP6","Value","-3.141","-2.32","-3.495","-3.088","-2.803","-2.377","-1.953","-2.153","-0.269","-0.327","-0.989",
"Grenada","328","Balance of Payments, Current Account, Total, Net(BPM6), percent of GDP in U.S. dollars","BCA_GDP_BP6","Value",,"-9.1","-10.676","-8.901","-11.555","-12.905","-10.147","-16.426","-13.021","-17.041","-14.784",
"Chile","228","Balance of Payments, Current Account, Total, Net(BPM6), percent of GDP in U.S. dollars","BCA_GDP_BP6","Value","-4.779","-3.463","-2.734","-2.621","-2.756","-4.49","-5.211","-1.948","-7.324","-9.012","-3.483",
"Dominica","321","General government net lending/borrowing, percent of fiscal year GDP","GGXCNL_GDP","Value","-2.883","-5.545","11.379","11.593","-3.266","-18.692","-8.643","-7.677","-8.757","-3.858","-4.025",
"Latin America and the Caribbean","205","Gross domestic product, constant prices, National Currency, percent change","NGDP_RPCH","Value","2.772","1.292","0.251","-0.804","1.296","1.145","0.152","-6.962","7.35","4.14","2.324",
"Chile","228","Consumer Prices, end of period, percent change","PCPIE_PCH","Value","3.056","4.698","4.427","2.729","2.26","2.115","2.95","2.928","7.137","12.772","4.5",
"Belize","339","Gross domestic product, constant prices, National Currency, percent change","NGDP_RPCH","Value","4.534","4.088","3.371","0.12","-1.712","1.123","4.492","-13.392","15.208","12.726","4.007",
"Colombia","233","Consumer Prices, end of period, percent change","PCPIE_PCH","Value","1.963","3.7","6.798","5.734","4.067","3.139","3.759","1.591","5.614","13.114","8.76",
"Colombia","233","General government net lending/borrowing, percent of fiscal year GDP","GGXCNL_GDP","Value","-1.021","-1.744","-3.52","-2.274","-2.496","-4.668","-3.482","-6.958","-7.125","-6.205","-3.482",
"Dominican Republic","243","General government net lending/borrowing, percent of fiscal year GDP","GGXCNL_GDP","Value","-4.404","-2.753","-0.033","-3.103","-3.088","-2.16","-3.465","-7.906","-2.939","-3.245","-3.249",
"Jamaica","343","Gross domestic product, constant prices, National Currency, percent change","NGDP_RPCH","Value","0.224","0.575","0.869","1.498","0.679","1.827","0.97","-9.92","4.601","5.222","2",
"Bahamas, The","313","Gross domestic product, constant prices, National Currency, percent change","NGDP_RPCH","Value","-2.863","1.847","0.997","-0.763","2.524","2.918","-0.744","-23.508","16.985","14.369","4.306",
"Bahamas, The","313","Consumer Prices, end of period, percent change","PCPIE_PCH","Value","0.955","0.202","2.024","0.967","1.613","1.963","1.434","1.163","4.129","5.475","3.4",
"Antigua and Barbuda","311","Gross domestic product, constant prices, National Currency, percent change","NGDP_RPCH","Value","-0.601","3.797","3.824","5.497","3.144","6.824","4.344","-17.503","6.556","8.459","5.592",
"Antigua and Barbuda","311","Consumer Prices, end of period, percent change","PCPIE_PCH","Value","1.059","1.327","0.9","-1.121","2.356","1.739","0.689","2.778","1.216","9.25","3.954",
"Antigua and Barbuda","311","General government net lending/borrowing, percent of fiscal year GDP","GGXCNL_GDP","Value","-4.296","-2.87","-2.6","-0.145","-2.841","-2.471","-4.012","-6.155","-4.64","-3.726","-2.751",
"St. Vincent and the Grenadines","364","Gross domestic product, constant prices, National Currency, percent change","NGDP_RPCH","Value","2.462","1.146","2.785","4.15","1.548","3.175","0.662","-3.739","0.754","5.5","6.23",
"Uruguay","298","Gross domestic product, constant prices, National Currency, percent change","NGDP_RPCH","Value","4.638","3.239","0.371","1.69","1.74","0.156","0.744","-6.263","5.277","4.922","0.999",
"Suriname","366","Gross domestic product, constant prices, National Currency, percent change","NGDP_RPCH","Value","2.931","0.254","-3.414","-4.912","1.566","4.948","1.098","-15.906","-2.742","1.028","2.148",
"United States","111","General government net lending/borrowing, percent of fiscal year GDP","GGXCNL_GDP","Value","-4.548","-4.049","-3.532","-4.373","-4.801","-5.322","-5.743","-14.003","-11.62","-3.706","-8.239",
"Venezuela","299","General government net lending/borrowing, percent of fiscal year GDP","GGXCNL_GDP","Value","-10.351","-9.808","-8.063","-8.463","-13.273","-30.276","-10.005","-5.014","-4.606","-6.024",,
"Brazil","223","General government net lending/borrowing, percent of fiscal year GDP","GGXCNL_GDP","Value","-2.979","-5.686","-8.801","-7.582","-8.498","-7.009","-5.032","-11.87","-2.545","-3.105","-7.118",
"St. Lucia","362","Consumer Prices, end of period, percent change","PCPIE_PCH","Value","-0.746","3.67","-2.604","-2.834","1.979","2.17","-0.703","-0.367","4.148","6.901","2.221",
"Chile","228","General government net lending/borrowing, percent of fiscal year GDP","GGXCNL_GDP","Value","-0.47","-1.496","-2.089","-2.661","-2.628","-1.482","-2.727","-7.088","-7.495","1.361","-1.646",
"El Salvador","253","General government net lending/borrowing, percent of fiscal year GDP","GGXCNL_GDP","Value","-4.457","-4.017","-3.632","-3.104","-2.528","-2.706","-3.07","-8.177","-5.453","-2.439","-3.965",
"Dominica","321","Consumer Prices, end of period, percent change","PCPIE_PCH","Value","-0.44","0.461","-0.654","0.718","-1.484","3.983","0.143","-0.704","3.543","6.562","5.04",
"Dominica","321","Gross domestic product, constant prices, National Currency, percent change","NGDP_RPCH","Value","-1","4.754","-2.732","2.764","-6.619","3.548","5.502","-16.605","6.892","5.711","4.624",
"Chile","228","Gross domestic product, constant prices, National Currency, percent change","NGDP_RPCH","Value","3.309","1.793","2.152","1.753","1.358","3.99","0.743","-6.145","11.737","2.44","-0.532",
"Colombia","233","Gross domestic product, constant prices, National Currency, percent change","NGDP_RPCH","Value","5.134","4.499","2.956","2.087","1.359","2.565","3.187","-7.252","11.016","7.257","1.442",
"Paraguay","288","Gross domestic product, constant prices, National Currency, percent change","NGDP_RPCH","Value","8.293","5.301","2.957","4.268","4.81","3.204","-0.402","-0.82","4.017","0.075","4.477",
"Guyana","336","Balance of Payments, Current Account, Total, Net(BPM6), percent of GDP in U.S. dollars","BCA_GDP_BP6","Value","-9.941","-6.676","-3.44","1.453","-4.887","-28.974","-68.779","-16.325","-25.864","23.752","18.037",
"Haiti","263","Balance of Payments, Current Account, Total, Net(BPM6), percent of GDP in U.S. dollars","BCA_GDP_BP6","Value","-3.763","-7.251","-5.109","-1.7","-2.161","-2.881","-1.14","0.355","0.417","-2.257","-2.947",
"Panama","283","Balance of Payments, Current Account, Total, Net(BPM6), percent of GDP in U.S. dollars","BCA_GDP_BP6","Value","-8.641","-12.905","-8.648","-7.511","-5.81","-7.885","-5.773","-0.332","-3.042","-3.922","-3.63",
"Peru","293","Balance of Payments, Current Account, Total, Net(BPM6), percent of GDP in U.S. dollars","BCA_GDP_BP6","Value","-4.74","-4.231","-4.566","-2.154","-0.803","-1.167","-0.551","1.085","-2.242","-4.051","-1.919",
"Antigua and Barbuda","311","Balance of Payments, Current Account, Total, Net(BPM6), percent of GDP in U.S. dollars","BCA_GDP_BP6","Value",,"0.267","2.211","-2.455","-8.038","-14.56","-7.154","-16.287","-15.615","-16.188","-12.462",
"Barbados","316","Balance of Payments, Current Account, Total, Net(BPM6), percent of GDP in U.S. dollars","BCA_GDP_BP6","Value","-8.365","-9.218","-6.107","-4.258","-3.786","-3.952","-2.757","-5.941","-11.196","-11.066","-8.47",
"Dominica","321","Balance of Payments, Current Account, Total, Net(BPM6), percent of GDP in U.S. dollars","BCA_GDP_BP6","Value","-9.914","-5.414","-4.654","-7.669","-8.866","-43.661","-35.559","-35.441","-27.591","-27.889","-27.099",
"Honduras","268","Balance of Payments, Current Account, Total, Net(BPM6), percent of GDP in U.S. dollars","BCA_GDP_BP6","Value","-9.527","-6.945","-4.671","-3.144","-1.246","-6.572","-2.603","2.814","-4.657","-3.22","-5.208",
"El Salvador","253","Balance of Payments, Current Account, Total, Net(BPM6), percent of GDP in U.S. dollars","BCA_GDP_BP6","Value","-6.905","-5.371","-3.216","-2.274","-1.86","-3.302","-0.422","1.617","-4.319","-6.606","-4.545",
"Argentina","213","Balance of Payments, Current Account, Total, Net(BPM6), percent of GDP in U.S. dollars","BCA_GDP_BP6","Value","-2.147","-1.629","-2.743","-2.713","-4.838","-5.164","-0.772","0.691","1.363","-0.68","-0.604",
"St. Vincent and the Grenadines","364","Balance of Payments, Current Account, Total, Net(BPM6), percent of GDP in U.S. dollars","BCA_GDP_BP6","Value",,"-24.68","-14.724","-12.89","-11.746","-10.286","-2.318","-15.681","-22.669","-19.527","-17.565",
"Nicaragua","278","Gross domestic product, constant prices, National Currency, percent change","NGDP_RPCH","Value","4.927","4.785","4.792","4.798","4.396","-3.363","-2.897","-1.766","10.347","3.751","3.024",
"Nicaragua","278","Consumer Prices, end of period, percent change","PCPIE_PCH","Value","5.675","6.48","3.052","3.13","5.678","3.885","6.13","2.931","7.21","11.593","7.563",
"Nicaragua","278","General government net lending/borrowing, percent of fiscal year GDP","GGXCNL_GDP","Value","-0.723","-1.241","-1.55","-1.835","-1.633","-3.002","-0.261","-2.348","-1.174","0.846","0.765",
"St. Kitts and Nevis","361","Balance of Payments, Current Account, Total, Net(BPM6), percent of GDP in U.S. dollars","BCA_GDP_BP6","Value",,"0.31","-8.33","-12.279","-10.561","-7.191","-5.797","-10.893","-5.864","-3.437","-2.55",
"Grenada","328","General government net lending/borrowing, percent of fiscal year GDP","GGXCNL_GDP","Value","-6.764","-4.201","-0.8","2.693","3.014","4.589","4.97","-4.545","0.326","0.937","1.943",
"Mexico","273","Balance of Payments, Current Account, Total, Net(BPM6), percent of GDP in U.S. dollars","BCA_GDP_BP6","Value","-2.463","-1.899","-2.664","-2.342","-1.868","-2.069","-0.44","2.01","-0.636","-1.231","-1.47",
"Bolivia","218","Balance of Payments, Current Account, Total, Net(BPM6), percent of GDP in U.S. dollars","BCA_GDP_BP6","Value","3.413","1.716","-5.825","-5.579","-5.024","-4.251","-3.316","-0.043","2.14","-0.413","-2.719",
"Brazil","223","Balance of Payments, Current Account, Total, Net(BPM6), percent of GDP in U.S. dollars","BCA_GDP_BP6","Value","-3.576","-4.499","-3.523","-1.699","-1.228","-2.858","-3.631","-1.911","-2.81","-2.793","-1.909",
"Suriname","366","General government net lending/borrowing, percent of fiscal year GDP","GGXCNL_GDP","Value","-3.333","-4.692","-7.555","-9.34","-7.079","-5.249","-20.386","-12.069","-6.576","-3.131","-0.908",
"Bahamas, The","313","Balance of Payments, Current Account, Total, Net(BPM6), percent of GDP in U.S. dollars","BCA_GDP_BP6","Value","-14.587","-19.936","-12.664","-12.533","-13.489","-9.478","-2.152","-23.42","-21.114","-13.62","-9.475",
"Belize","339","Balance of Payments, Current Account, Total, Net(BPM6), percent of GDP in U.S. dollars","BCA_GDP_BP6","Value","-3.576","-6.355","-7.905","-7.238","-6.912","-6.514","-7.641","-6.15","-6.336","-7.332","-6.054",
"Suriname","366","Balance of Payments, Current Account, Total, Net(BPM6), percent of GDP in U.S. dollars","BCA_GDP_BP6","Value","-3.557","-7.419","-15.341","-4.838","1.929","-2.965","-11.251","9.011","5.905","2.174","1.514",
"Barbados","316","General government net lending/borrowing, percent of fiscal year GDP","GGXCNL_GDP","Value","-10.24","-7.493","-9.087","-5.344","-4.28","-0.297","3.609","-4.816","-4.828","-2.051","-1.689",
"Ecuador","248","Consumer Prices, end of period, percent change","PCPIE_PCH","Value","2.701","3.667","3.38","1.12","-0.197","0.266","-0.065","-0.933","1.941","3.737","2.377",
"St. Vincent and the Grenadines","364","General government net lending/borrowing, percent of fiscal year GDP","GGXCNL_GDP","Value","-5.817","-2.821","-2.011","1.07","-0.421","-0.266","-2.078","-4.698","-7.321","-9.394","-7.617",
"El Salvador","253","Gross domestic product, constant prices, National Currency, percent change","NGDP_RPCH","Value","2.235","1.704","2.4","2.515","2.262","2.422","2.456","-7.878","11.178","2.6","2.2",
"El Salvador","253","Consumer Prices, end of period, percent change","PCPIE_PCH","Value","0.786","0.477","1.014","-0.931","2.035","0.438","-0.009","-0.08","6.114","7.316","3.1",
"Colombia","233","Balance of Payments, Current Account, Total, Net(BPM6), percent of GDP in U.S. dollars","BCA_GDP_BP6","Value","-3.236","-5.198","-6.372","-4.452","-3.182","-4.202","-4.584","-3.46","-5.645","-6.241","-4.904",
"Puerto Rico","359","General government net lending/borrowing, percent of fiscal year GDP","GGXCNL_GDP","Value",,"-3.073","-2.116","-1.844","-1.076","0.025","1.899","-0.551","-0.257","1.771","0.329",
"Puerto Rico","359","Gross domestic product, constant prices, National Currency, percent change","NGDP_RPCH","Value","-0.307","-1.19","-1.049","-1.263","-2.886","-4.364","1.679","-4.352","0.206","2","-0.7",
"Puerto Rico","359","Consumer Prices, end of period, percent change","PCPIE_PCH","Value","0.811","0.07","-0.159","0.453","1.161","0.569","0.529","-0.082","4.157","6.236","1.103",
"Aruba","314","Gross domestic product, constant prices, National Currency, percent change","NGDP_RPCH","Value","6.431","-0.015","3.551","2.11","0.732","2.382","-2.303","-23.983","27.639","10.458","2.3",
"Aruba","314","Balance of Payments, Current Account, Total, Net(BPM6), percent of GDP in U.S. dollars","BCA_GDP_BP6","Value","-11.957","-4.797","3.881","4.557","0.959","-0.53","2.58","-12.363","2.709","11.111","9.463",
"Aruba","314","Consumer Prices, end of period, percent change","PCPIE_PCH","Value","0.08","2.201","-0.926","-0.881","-0.462","4.456","3.58","-3.067","3.648","5.735","3.214",
"Aruba","314","General government net lending/borrowing, percent of fiscal year GDP","GGXCNL_GDP","Value","-6.048","-7.459","-1.475","-1.455","-2.587","-2.641","-0.243","-16.23","-9.161","-0.465","0.816",
"St. Kitts and Nevis","361","Consumer Prices, period average, percent change","PCPI_PCH","Value","1.107","0.248","-2.302","-0.688","0.696","-1.036","-0.331","-1.177","1.206","2.669","2.907",
"Guyana","336","Consumer Prices, period average, percent change","PCPI_PCH","Value","1.909","0.684","-0.865","0.827","1.944","1.272","2.092","1.232","3.321","6.477","5.475",
"St. Vincent and the Grenadines","364","Consumer Prices, period average, percent change","PCPI_PCH","Value","0.805","0.194","-1.726","-0.158","2.153","2.324","0.906","-0.606","1.557","5.66","4.442",
"Honduras","268","Consumer Prices, period average, percent change","PCPI_PCH","Value","5.186","6.082","3.158","2.725","3.934","4.348","4.365","3.468","4.481","9.09","6.37",
"St. Vincent and the Grenadines","364","Nominal gross domestic product in purchasing-power-parity dollars","PPPGDP","Value","1257000000","1304000000","1323000000","1434000000","1433000000","1514000000","1551000000","1513000000","1593000000","1798000000","1980000000",
"Panama","283","Consumer Prices, period average, percent change","PCPI_PCH","Value","4.027","2.623","0.137","0.74","0.876","0.762","-0.355","-1.55","1.631","2.86","1.522",
"Guatemala","258","Consumer Prices, period average, percent change","PCPI_PCH","Value","4.343","3.418","2.389","4.448","4.425","3.752","3.7","3.214","4.261","6.885","6.33",
"Mexico","273","Nominal gross domestic product in purchasing-power-parity dollars","PPPGDP","Value","2150330000000","2254440000000","2309500000000","2457950000000","2540450000000","2652840000000","2692910000000","2492030000000","2755980000000","3064000000000","3277600000000",
"Panama","283","Unemployment rate","LUR","Value","4.098","4.823","5.052","5.494","6.13","5.956","7.07","18.548","11.293","8.8","8",
"St. Lucia","362","Nominal gross domestic product in purchasing-power-parity dollars","PPPGDP","Value","2388000000","2446000000","2427000000","2577000000","2704000000","2848000000","2894000000","2240000000","2606000000","3225000000","3452000000",
"St. Lucia","362","Consumer Prices, period average, percent change","PCPI_PCH","Value","1.469","3.517","-0.984","-3.078","0.104","2.555","0.539","-1.755","2.41","6.373","3.649",
"Colombia","233","Nominal gross domestic product in purchasing-power-parity dollars","PPPGDP","Value","591784000000","625019000000","630400000000","672093000000","700091000000","735309000000","772350000000","725685000000","841815000000","966152000000","1016120000000",
"Uruguay","298","Nominal gross domestic product in purchasing-power-parity dollars","PPPGDP","Value","70739000000","74543000000","75258000000","77215000000","80027000000","82079000000","84173000000","79931000000","87929000000","98719000000","103372000000",
"Uruguay","298","Consumer Prices, period average, percent change","PCPI_PCH","Value","8.577","8.878","8.66","9.64","6.222","7.606","7.883","9.754","7.75","9.106","6.092",
"Guyana","336","Nominal gross domestic product in purchasing-power-parity dollars","PPPGDP","Value","8370000000","8360000000","8594000000","8714000000","9307000000","9954000000","10675000000","15516000000","19465000000","33803000000","48514000000",
"Ecuador","248","Nominal gross domestic product in purchasing-power-parity dollars","PPPGDP","Value","175196000000","186847000000","179310000000","181967000000","195011000000","202274000000","205927000000","192368000000","209522000000","230808000000","242579000000",
"Ecuador","248","Consumer Prices, period average, percent change","PCPI_PCH","Value","2.722","3.589","3.966","1.728","0.417","-0.224","0.266","-0.339","0.133","3.466","2.347",
"Peru","293","Unemployment rate","LUR","Value","5.945","5.938","6.49","6.742","6.876","6.7","6.579","13","10.7","7.8","7.55",
"Costa Rica","238","Unemployment rate","LUR","Value","8.311","9.658","9.604","9.541","9.293","11.951","12.417","19.98","13.68","11.669","9.8",
"Nicaragua","278","Unemployment rate","LUR","Value","5.746","6.557","5.909","4.481","3.67","5.5","5.341","6.486","11.1","7.518","7.157",
"Belize","339","Consumer Prices, period average, percent change","PCPI_PCH","Value","0.51","1.201","-0.862","0.661","1.15","0.27","0.186","0.122","3.239","6.274","3.659",
"Panama","283","Nominal gross domestic product in purchasing-power-parity dollars","PPPGDP","Value","82722000000","92583000000","104139000000","116438000000","129592000000","137598000000","144663000000","120658000000","146043000000","173166000000","190306000000",
"Venezuela","299","Consumer Prices, period average, percent change","PCPI_PCH","Value","40.639","62.169","121.738","254.949","438.117","65374.08","19906.02","2355.15","1588.51","186.542","359.986",
"Grenada","328","Nominal gross domestic product in purchasing-power-parity dollars","PPPGDP","Value","1286000000","1420000000","1551000000","1657000000","1798000000","1922000000","1969000000","1721000000","1882000000","2142000000","2307000000",
"Argentina","213","Unemployment rate","LUR","Value","7.075","7.25","6.533","8.467","8.35","9.2","9.825","11.55","8.75","6.825","7.35",
"Paraguay","288","Unemployment rate","LUR","Value","5.021","6.038","5.351","5.998","6.086","6.236","6.569","7.708","7.51","6.808","6.19",
"Brazil","223","Consumer Prices, period average, percent change","PCPI_PCH","Value","6.204","6.329","9.03","8.74","3.446","3.665","3.733","3.212","8.302","9.28","4.731",
"Nicaragua","278","Consumer Prices, period average, percent change","PCPI_PCH","Value","7.136","6.036","3.997","3.524","3.851","4.947","5.376","3.682","4.928","10.47","9.094",
"Jamaica","343","Unemployment rate","LUR","Value","15.275","13.75","13.5","13.2","11.65","9.125","7.7","10.2","8.375",,,
"Bahamas, The","313","Unemployment rate","LUR","Value","15.782","14.636","13.379","12.15","10.1","10.35","10.1","26.218","17.646","10.814","8.79",
"Jamaica","343","Consumer Prices, period average, percent change","PCPI_PCH","Value","9.36","8.275","3.681","2.35","4.378","3.74","3.91","5.21","5.882","10.347","6.5",
"Suriname","366","Nominal gross domestic product in purchasing-power-parity dollars","PPPGDP","Value","9854000000","10226000000","9623000000","8509000000","10431000000","11210000000","11537000000","9828000000","9988000000","10798000000","11435000000",
"El Salvador","253","Consumer Prices, period average, percent change","PCPI_PCH","Value","0.758","1.141","-0.731","0.604","1.014","1.088","0.074","-0.37","3.468","7.196","4.425",
"Latin America and the Caribbean","205","Consumer Prices, period average, percent change","PCPI_PCH","Value","4.57","4.88","5.406","5.466","6.305","6.521","7.624","6.376","9.762","13.985","13.831",
"Canada","156","Nominal gross domestic product in purchasing-power-parity dollars","PPPGDP","Value","1554120000000","1621400000000","1594900000000","1678390000000","1776860000000","1870110000000","1939590000000","1865200000000","2046660000000","2265320000000","2378970000000",
"Ecuador","248","Unemployment rate","LUR","Value","4.15","3.8","4.77","5.21","4.62","3.69","3.84","5.346","4.15","3.19","3.8",
"Belize","339","Unemployment rate","LUR","Value","12.926","11.6","10.143","9.541","9.328","9.377","9.041","13.743","10.188","6.071","2.8",
"Chile","228","Consumer Prices, period average, percent change","PCPI_PCH","Value","1.789","4.714","4.349","3.789","2.183","2.317","2.249","3.043","4.524","11.645","7.78",
"Chile","228","Nominal gross domestic product in purchasing-power-parity dollars","PPPGDP","Value","392670000000","402902000000","405311000000","411643000000","436010000000","464307000000","476147000000","452719000000","528579000000","579409000000","597520000000",
"Dominica","321","Nominal gross domestic product in purchasing-power-parity dollars","PPPGDP","Value","721000000","776000000","793000000","852000000","810000000","859000000","923000000","780000000","871000000","985000000","1069000000",
"Dominica","321","Consumer Prices, period average, percent change","PCPI_PCH","Value","-0.046","0.807","-0.852","0.142","0.296","0.989","1.505","-0.727","1.571","6.836","6.204",
"Bolivia","218","Unemployment rate","LUR","Value","4","4","4.557","4.686","5.085","4.913","5.012","8.336","6.937","4.74","4.9",
"Dominican Republic","243","Unemployment rate","LUR","Value","9.196","8.538","7.328","7.08","5.509","5.656","6.167","5.829","7.384","5.293","6.2",
"Honduras","268","Unemployment rate","LUR","Value","4.096","5.488","6.147","6.727","5.528","5.648","5.386","10.912","8.569","8.9","8.082",
"Antigua and Barbuda","311","Nominal gross domestic product in purchasing-power-parity dollars","PPPGDP","Value","1720000000","1762000000","1770000000","1883000000","1893000000","2071000000","2200000000","1838000000","2047000000","2376000000","2601000000",
"Bahamas, The","313","Consumer Prices, period average, percent change","PCPI_PCH","Value","0.445","1.183","1.878","-0.33","1.5","2.268","2.491","0.039","2.905","5.605","3.884",
"Antigua and Barbuda","311","Consumer Prices, period average, percent change","PCPI_PCH","Value","1.059","1.089","0.969","-0.489","2.432","1.211","1.431","1.058","1.627","7.531","5.033",
"Brazil","223","Nominal gross domestic product in purchasing-power-parity dollars","PPPGDP","Value","3133890000000","3187160000000","3014760000000","2939090000000","3018710000000","3146420000000","3241950000000","3176650000000","3484930000000","3837220000000","4101020000000",
"Jamaica","343","Nominal gross domestic product in purchasing-power-parity dollars","PPPGDP","Value","24136000000","24568000000","25418000000","26720000000","28040000000","29239000000","30053000000","27425000000","29975000000","33750000000","35690000000",
"Dominican Republic","243","Consumer Prices, period average, percent change","PCPI_PCH","Value","4.831","2.999","0.837","1.614","3.28","3.564","1.811","3.781","8.243","8.812","4.908",
"Bolivia","218","Nominal gross domestic product in purchasing-power-parity dollars","PPPGDP","Value","69841000000","75554000000","77543000000","82736000000","94285000000","100630000000","104706000000","96804000000","107328000000","118840000000","125428000000",
"United States","111","Consumer Prices, period average, percent change","PCPI_PCH","Value","1.466","1.615","0.121","1.267","2.131","2.439","1.813","1.251","4.683","7.986","4.084",
"Venezuela","299","Unemployment rate","LUR","Value","7.47","6.7","7.4","20.863","27.886","35.554",,,,,,
"Peru","293","Nominal gross domestic product in purchasing-power-parity dollars","PPPGDP","Value","338735000000","349962000000","357122000000","378815000000","402126000000","428140000000","445583000000","401957000000","476083000000","523100000000","548465000000",
"Argentina","213","Nominal gross domestic product in purchasing-power-parity dollars","PPPGDP","Value","849616000000","839897000000","867177000000","885228000000","1039330000000","1036460000000","1033940000000","943733000000","1091820000000","1226200000000","1239520000000",
"Costa Rica","238","Consumer Prices, period average, percent change","PCPI_PCH","Value","5.231","4.519","0.802","-0.017","1.626","2.221","2.096","0.725","1.727","8.275","0.661",
"Paraguay","288","Consumer Prices, period average, percent change","PCPI_PCH","Value","2.684","5.029","3.129","4.087","3.603","3.976","2.757","1.768","4.788","9.766","4.729",
"Argentina","213","Consumer Prices, period average, percent change","PCPI_PCH","Value","10.619",,,,"25.675","34.277","53.548","42.015","48.409","72.431","121.667",
"El Salvador","253","Nominal gross domestic product in purchasing-power-parity dollars","PPPGDP","Value","43093000000","45534000000","48056000000","51095000000","54006000000","56643000000","59075000000","55131000000","64047000000","70316000000","74505000000",
"Peru","293","Consumer Prices, period average, percent change","PCPI_PCH","Value","2.807","3.245","3.548","3.593","2.804","1.317","2.136","1.827","3.979","7.871","6.509",
"Mexico","273","Consumer Prices, period average, percent change","PCPI_PCH","Value","3.804","4.019","2.719","2.82","6.042","4.897","3.634","3.398","5.693","7.899","5.542",
"Colombia","233","Unemployment rate","LUR","Value","9.883","9.4","9.2","9.542","9.675","9.95","10.875","16.658","13.8","11.208","10.8",
"Latin America and the Caribbean","205","Nominal gross domestic product in purchasing-power-parity dollars","PPPGDP","Value","9052010000000","9312780000000","9253030000000","9393900000000","9805890000000","10136490000000","10306780000000","9687020000000","10855870000000","12087180000000","12813890000000",
"Bolivia","218","Consumer Prices, period average, percent change","PCPI_PCH","Value","5.737","5.765","4.061","3.625","2.822","2.272","1.839","0.942","0.736","1.747","3.029",
"Uruguay","298","Unemployment rate","LUR","Value","6.508","6.625","7.525","7.867","7.925","8.367","8.925","10.35","9.375","7.867","8.129",
"Costa Rica","238","Nominal gross domestic product in purchasing-power-parity dollars","PPPGDP","Value","71160000000","77049000000","82853000000","90838000000","97896000000","102872000000","107249000000","104006000000","117133000000","130734000000","141527000000",
"Haiti","263","Nominal gross domestic product in purchasing-power-parity dollars","PPPGDP","Value","30706000000","31283000000","31002000000","33431000000","34631000000","36055000000","36083000000","35332000000","36255000000","38142000000","38952000000",
"Haiti","263","Consumer Prices, period average, percent change","PCPI_PCH","Value","5.299","3.155","5.317","11.435","10.61","11.416","17.308","22.945","15.941","27.576","43.603",
"Paraguay","288","Nominal gross domestic product in purchasing-power-parity dollars","PPPGDP","Value","72020000000","75594000000","76830000000","81617000000","86460000000","91376000000","92641000000","93080000000","101168000000","108337000000","117349000000",
"Suriname","366","Unemployment rate","LUR","Value","6.6","5.5","7","10","7","9","8.809","11.147","11.2","10.9","10.6",
"Mexico","273","Unemployment rate","LUR","Value","4.938","4.835","4.347","3.875","3.419","3.322","3.49","4.408","4.142","3.275","2.888",
"Barbados","316","Unemployment rate","LUR","Value","11.625","12.275","11.3","9.65","9.95","10.05","10.088","21.121","14.358","10.184","10.124",
"United States","111","Nominal gross domestic product in purchasing-power-parity dollars","PPPGDP","Value","16843230000000","17550680000000","18206030000000","18695100000000","19477350000000","20533080000000","21380950000000","21060450000000","23315080000000","25462730000000","26949640000000",
"United States","111","Unemployment rate","LUR","Value","7.358","6.158","5.275","4.875","4.358","3.892","3.683","8.092","5.367","3.642","3.569",
"Chile","228","Unemployment rate","LUR","Value","6.082","6.495","6.328","6.685","6.965","7.377","7.223","10.77","8.862","7.878","8.827",
"Nicaragua","278","Nominal gross domestic product in purchasing-power-parity dollars","PPPGDP","Value","27950000000","30356000000","32945000000","35895000000","38335000000","37936000000","37498000000","37316000000","43027000000","47768000000","51022000000",
"Bahamas, The","313","Nominal gross domestic product in purchasing-power-parity dollars","PPPGDP","Value","11510000000","12162000000","12467000000","12716000000","13594000000","14327000000","14475000000","11217000000","13712000000","16780000000","18146000000",
"Trinidad and Tobago","369","Nominal gross domestic product in purchasing-power-parity dollars","PPPGDP","Value","42065000000","42742000000","39864000000","37688000000","38195000000","38877000000","39717000000","36583000000","37830000000","41080000000","43658000000",
"Suriname","366","Consumer Prices, period average, percent change","PCPI_PCH","Value","1.916","3.384","6.896","55.501","22.024","6.939","4.392","34.89","59.12","52.448","53.272",
"Trinidad and Tobago","369","Consumer Prices, period average, percent change","PCPI_PCH","Value","5.189","5.698","4.659","3.069","1.884","1.019","1.001","0.599","2.061","5.826","5.415",
"Colombia","233","Consumer Prices, period average, percent change","PCPI_PCH","Value","2.021","2.906","4.991","7.507","4.31","3.239","3.522","2.525","3.501","10.184","11.39",
"El Salvador","253","Unemployment rate","LUR","Value","5.9","7","7","7","7.05","6.35","6.34","6.9","6.3","5","5.5",
"Dominican Republic","243","Nominal gross domestic product in purchasing-power-parity dollars","PPPGDP","Value","125424000000","136976000000","151560000000","167506000000","175941000000","192751000000","206121000000","194778000000","228505000000","256390000000","273703000000",
"Venezuela","299","Nominal gross domestic product in purchasing-power-parity dollars","PPPGDP","Value","561817000000","550033000000","520974000000","436529000000","375113000000","308629000000","227234000000","161152000000","170074000000","196547000000","211926000000",
"Barbados","316","Nominal gross domestic product in purchasing-power-parity dollars","PPPGDP","Value","4360000000","4322000000","4435000000","4562000000","4523000000","4604000000","4662000000","4095000000","4270000000","5017000000","5436000000",
"Barbados","316","Consumer Prices, period average, percent change","PCPI_PCH","Value","1.814","1.767","-1.112","1.512","4.41","-44.359","2.269","0.499","1.534","5.039","5.221",
"Honduras","268","Nominal gross domestic product in purchasing-power-parity dollars","PPPGDP","Value","36446000000","39876000000","43955000000","47719000000","52444000000","55770000000","58276000000","53744000000","63197000000","70330000000","75030000000",
"Belize","339","Nominal gross domestic product in purchasing-power-parity dollars","PPPGDP","Value","3211000000","3258000000","3353000000","3365000000","3325000000","3443000000","3663000000","3214000000","3869000000","4666000000","5032000000",
"Grenada","328","Consumer Prices, period average, percent change","PCPI_PCH","Value","-0.044","-0.983","-0.584","1.716","0.911","0.805","0.599","-0.742","1.22","2.582","3.631",
"Brazil","223","Unemployment rate","LUR","Value","7.225","6.9","8.625","11.65","12.85","12.375","11.975","13.775","13.2","9.25","8.333",
"St. Kitts and Nevis","361","Nominal gross domestic product in purchasing-power-parity dollars","PPPGDP","Value","1162000000","1265000000","1270000000","1335000000","1401000000","1464000000","1551000000","1342000000","1390000000","1619000000","1760000000",
"Canada","156","Unemployment rate","LUR","Value","7.175","7.033","6.95","7.033","6.408","5.85","5.7","9.725","7.508","5.275","5.527",
"Guatemala","258","Nominal gross domestic product in purchasing-power-parity dollars","PPPGDP","Value","112026000000","118754000000","127566000000","130131000000","133883000000","141773000000","150114000000","149348000000","168545000000","187778000000","201365000000",
"Canada","156","Consumer Prices, period average, percent change","PCPI_PCH","Value","0.938","1.907","1.125","1.429","1.597","2.268","1.949","0.717","3.401","6.797","3.622",
"Puerto Rico","359","Unemployment rate","LUR","Value","14.3","13.9","12.1","11.8","10.8","9.2","8.3","8.8","8.1","6.2","6.75",
"Puerto Rico","359","Nominal gross domestic product in purchasing-power-parity dollars","PPPGDP","Value","119192000000","119065000000","118146000000","117009000000","114270000000","111911000000","115831000000","112236000000","117519000000","128266000000","132052000000",
"Puerto Rico","359","Consumer Prices, period average, percent change","PCPI_PCH","Value","1.061","0.566","-0.751","-0.294","1.752","1.272","0.084","-0.497","2.41","5.854","2.892",
"Aruba","314","Nominal gross domestic product in purchasing-power-parity dollars","PPPGDP","Value","3799000000","3817000000","3893000000","3941000000","4098000000","4297000000","4273000000","3291000000","4389000000","5187000000","5502000000",
"Aruba","314","Unemployment rate","LUR","Value","7.599","7.451","7.298","7.694","8.923","7.283","5.2","8.6","8.8","6.6","8.465",
"Aruba","314","Consumer Prices, period average, percent change","PCPI_PCH","Value","-2.372","0.421","0.475","-0.932","-1.028","3.626","3.939","-1.313","0.744","5.52","4.455",
"Aruba","314","Primary balance in percent of GDP","GGXONLB_GDP","Value","-2.679","-3.703","2.301","2.625","1.438","1.132","3.537","-11.112","-4.791","3.401","4.458",
"Aruba","314","Gross debt in percent of GDP","GGXWDG_GDP","Value","70.032","77.709","74.177","75.387","75.825","73.31","71.053","112.339","101.816","90.111","82.891",
"Antigua and Barbuda","311","Primary balance in percent of GDP","GGXONLB_GDP","Value","-1.678","-0.179","-0.087","2.395","-0.138","0.041","-1.236","-3.674","-2.339","-1.152","-0.027",
"Antigua and Barbuda","311","Gross debt in percent of GDP","GGXWDG_GDP","Value","95.791","101.369","99.071","86.126","92.193","87.764","81.839","98.177","96.32","86.241","80.475",
"Argentina","213","Primary balance in percent of GDP","GGXONLB_GDP","Value","-2.64","-3.5","-4.418","-4.762","-4.228","-2.238","-0.402","-6.179","-2.519","-1.805","-1.616",
"Argentina","213","Gross debt in percent of GDP","GGXWDG_GDP","Value","43.496","44.697","52.563","53.06","57.028","85.246","88.835","102.79","80.82","84.685","89.506",
"Bahamas, The","313","Primary balance in percent of GDP","GGXONLB_GDP","Value","-3.176","-2.559","-1.251","-0.298","-5.919","-0.812","0.836","-4.376","-8.971","-1.339","0.636",
"Bahamas, The","313","Gross debt in percent of GDP","GGXWDG_GDP","Value","44.418","48.243","50.614","51.591","54.918","62.449","60.277","75.278","99.979","88.854","84.202",
"Belize","339","Primary balance in percent of GDP","GGXONLB_GDP","Value","0.859","0.338","-2.995","-2.123","-0.99","1.238","-0.27","-6.697","-1.803","0.901","1.198",
"Bolivia","218","Primary balance in percent of GDP","GGXONLB_GDP","Value","1.613","-2.404","-5.904","-6.253","-6.712","-6.951","-5.847","-11.228","-7.978","-5.5","-3.64",
"Bolivia","218","Gross debt in percent of GDP","GGXWDG_GDP","Value","36.097","37.603","40.905","46.49","51.26","53.076","59.257","77.971","81.405","80.006","80.783",
"Chile","228","Primary balance in percent of GDP","GGXONLB_GDP","Value","-0.389","-1.352","-1.871","-2.377","-2.267","-1.112","-2.377","-6.568","-6.875","0.891","-1.992",
"Chile","228","Gross debt in percent of GDP","GGXWDG_GDP","Value","12.784","15.02","17.375","21.101","23.652","25.798","28.298","32.353","36.303","37.975","38.415",
"Grenada","328","Gross debt in percent of GDP","GGXWDG_GDP","Value","105.437","99.34","90.1","81.568","70.403","64.015","58.549","71.411","69.892","63.574","60.225",
"Guatemala","258","Primary balance in percent of GDP","GGXONLB_GDP","Value","-0.586","-0.45","0.128","0.429","0.136","-0.342","-0.605","-3.188","0.567","-0.039","-0.156",
"Guatemala","258","Gross debt in percent of GDP","GGXWDG_GDP","Value","24.997","24.651","24.803","24.956","25.093","26.43","26.432","31.48","30.751","29.222","28.34",
"Jamaica","343","Primary balance in percent of GDP","GGXONLB_GDP","Value","7.636","7.474","7.152","7.6","7.462","7.473","7.114","3.516","6.82","5.784","5.498",
"Jamaica","343","Gross debt in percent of GDP","GGXWDG_GDP","Value","138.736","137.892","121.878","113.695","101.225","94.386","94.26","109.685","94.204","77.093","72.336",
"Mexico","273","Primary balance in percent of GDP","GGXONLB_GDP","Value","-0.912","-1.684","-1.166","0.341","2.546","1.536","1.366","-0.5","-0.013","0.727","1.598",
"Mexico","273","Gross debt in percent of GDP","GGXWDG_GDP","Value","44.066","47.093","50.973","55.003","52.521","52.202","51.858","58.51","56.917","54.073","52.671",
"Panama","283","Primary balance in percent of GDP","GGXONLB_GDP","Value","-0.455","-1.456","-0.773","-0.329","-0.52","-1.422","-1.684","-7.782","-4.483","-2.206","-0.464",
"Paraguay","288","Primary balance in percent of GDP","GGXONLB_GDP","Value","-0.497","0.07","-0.99","0.493","0.11","-0.44","-2.493","-5.657","-4.385","-1.95","-2.15",
"Paraguay","288","Gross debt in percent of GDP","GGXWDG_GDP","Value","13.495","15.589","18.613","19.39","19.847","22.331","25.768","36.899","37.5","40.758","40.857",
"Peru","293","Primary balance in percent of GDP","GGXONLB_GDP","Value","1.685","0.693","-1.208","-1.307","-1.91","-0.854","-0.181","-6.911","-1.247","-0.046","-0.734",
"Peru","293","Gross debt in percent of GDP","GGXWDG_GDP","Value","19.914","20.583","23.957","24.328","25.225","26.011","26.917","34.951","36.364","34.253","33.911",
"St. Lucia","362","Primary balance in percent of GDP","GGXONLB_GDP","Value","-1.693","0.063","0.836","1.74","0.776","1.927","-0.49","-7.697","-2.221","1.473","1.092",
"St. Lucia","362","Gross debt in percent of GDP","GGXWDG_GDP","Value","61.24","61.847","60.557","60.211","59.911","60.231","61.902","94.199","82.902","74.211","74.172",
"St. Vincent and the Grenadines","364","Primary balance in percent of GDP","GGXONLB_GDP","Value","-3.84","-1.442","-0.215","2.246","1.413","1.617","-0.171","-2.942","-4.975","-7.233","-4.969",
"St. Vincent and the Grenadines","364","Gross debt in percent of GDP","GGXWDG_GDP","Value","70.018","75.069","75.075","79.434","68.981","69.396","68.075","79.477","89.956","87.933","86.171",
"Suriname","366","Primary balance in percent of GDP","GGXONLB_GDP","Value","-2.092","-3.867","-6.135","-6.844","-4.582","-2.465","-17.485","-8.389","-0.56","1.067","1.693",
"Suriname","366","Gross debt in percent of GDP","GGXWDG_GDP","Value","27.902","25.208","41.175","75.395","73.029","68.627","84.694","147.835","119.636","120.084","106.988",
"United States","111","Primary balance in percent of GDP","GGXONLB_GDP","Value","-2.579","-2.08","-1.69","-2.384","-2.781","-3.088","-3.469","-11.945","-9.338","-1.287","-5.509",
"United States","111","Gross debt in percent of GDP","GGXWDG_GDP","Value","104.543","104.541","105.127","107.156","106.208","107.438","108.747","133.496","126.416","121.306","123.285",
"Uruguay","298","Primary balance in percent of GDP","GGXONLB_GDP","Value","0.419","-0.5","0.246","-0.259","-0.155","0.518","-0.492","-2.105","-0.632","-0.515","-1.734",
"Uruguay","298","Gross debt in percent of GDP","GGXWDG_GDP","Value","49.976","51.098","57.76","56.401","55.821","58.015","59.795","68.082","63.378","59.311","61.614",
"Latin America and the Caribbean","205","Primary balance in percent of GDP","GGXONLB_GDP","Value","-0.087","-1.37","-1.557","-1.694","-1.469","-1.141","-0.316","-5.033","-0.66","0.489","-0.351",
"Latin America and the Caribbean","205","Gross debt in percent of GDP","GGXWDG_GDP","Value","48.847","50.788","56.61","60.239","62.561","66.293","67.173","75.997","70.706","68.305","68.124",
"Costa Rica","238","Primary balance in percent of GDP","GGXONLB_GDP","Value","-2.766","-2.967","-2.871","-2.366","-2.902","-2.249","-2.628","-3.749","-0.279","2.096","1.561",
"Costa Rica","238","Gross debt in percent of GDP","GGXWDG_GDP","Value","35.076","37.436","39.786","44.056","47.064","51.839","56.431","66.912","67.988","63.78","62.972",
"Dominica","321","Primary balance in percent of GDP","GGXONLB_GDP","Value","-0.84","-3.955","13.262","13.228","-1.222","-16.745","-6.172","-5.556","-6.238","-0.367","0.131",
"Dominica","321","Gross debt in percent of GDP","GGXWDG_GDP","Value","73.927","72.127","68.873","76.538","84.011","85.631","98.254","113.07","107.21","98.533","93.905",
"Dominican Republic","243","Primary balance in percent of GDP","GGXONLB_GDP","Value","-2.178","-0.399","2.28","-0.57","-0.541","0.428","-0.72","-4.665","0.176","-0.397","-0.109",
"Dominican Republic","243","Gross debt in percent of GDP","GGXWDG_GDP","Value","46.715","44.911","44.687","46.591","48.906","50.465","53.579","71.54","63.226","59.547","59.796",
"Ecuador","248","Primary balance in percent of GDP","GGXONLB_GDP","Value","-8.056","-7.888","-6.273","-9.464","-4.696","-1.398","-1.919","-5.565","-1.438","0.48","-0.169",
"Ecuador","248","Gross debt in percent of GDP","GGXWDG_GDP","Value","23.255","27.973","35.218","44.583","47.03","49.054","51.411","60.903","62.277","57.686","55.452",
"Guyana","336","Primary balance in percent of GDP","GGXONLB_GDP","Value","-1.616","-3.307","-0.158","-2.615","-2.463","-1.914","-1.968","-7.263","-6.787","-4.883","-6.3",
"Guyana","336","Gross debt in percent of GDP","GGXWDG_GDP","Value","41.054","38.284","41.825","43.844","42.894","47.033","43.562","51.082","43.21","26.05","29.88",
"Haiti","263","Primary balance in percent of GDP","GGXONLB_GDP","Value","-3.773","-3.41","-1.375","0.294","-0.176","-0.947","-1.721","-2.248","-2.2","-1.747","-1.241",
"Haiti","263","Gross debt in percent of GDP","GGXWDG_GDP","Value","24.38","20.802","21.741","21.553","18.941","21.54","25.431","22.018","25.597","23.937","19.628",
"Honduras","268","Primary balance in percent of GDP","GGXONLB_GDP","Value","-5.566","-2.63","0.02","0.219","0.205","0.804","0.837","-3.597","-2.118","2.646","-0.675",
"Honduras","268","Gross debt in percent of GDP","GGXWDG_GDP","Value","41.897","42.83","42.251","40.295","43.598","43.533","43.784","51.69","49.762","49.091","46.292",
"Nicaragua","278","Primary balance in percent of GDP","GGXONLB_GDP","Value","-0.458","-0.89","-1.07","-1.189","-0.725","-1.907","0.973","-1.145","0.021","2.097","1.845",
"Nicaragua","278","Gross debt in percent of GDP","GGXWDG_GDP","Value","28.835","28.69","28.911","30.916","33.778","37.366","41.075","47.318","46.241","43.942","41.509",
"Panama","283","Gross debt in percent of GDP","GGXWDG_GDP","Value","34.372","35.312","34.743","34.073","33.995","36.008","40.253","61.974","55.583","53.678","52.838",
"Puerto Rico","359","Primary balance in percent of GDP","GGXONLB_GDP","Value",,"-0.953","-0.24","0.377","1.18","2.282","4.019","1.546","1.723","2.458","1.305",
"Puerto Rico","359","Gross debt in percent of GDP","GGXWDG_GDP","Value","52.308","54.546","52.736","49.877","51.178","52.419","48.803","50.247","48.802","16.517","16.718",
"St. Kitts and Nevis","361","Primary balance in percent of GDP","GGXONLB_GDP","Value","14.421","10.976","7.597","5.33","1.937","2.479","0.491","-1.697","6.801","-2.013","5.947",
"St. Kitts and Nevis","361","Gross debt in percent of GDP","GGXWDG_GDP","Value","91.499","69.346","62.201","57.354","56.104","53.92","54.29","67.974","69.107","61.127","53.203",
"Trinidad and Tobago","369","Primary balance in percent of GDP","GGXONLB_GDP","Value","-1.192","-2.719","-5.504","-7.653","-7.819","-2.953","-0.575","-8.598","-5.357","2.739","0.862",
"Trinidad and Tobago","369","Gross debt in percent of GDP","GGXWDG_GDP","Value","22.204","23.891","26.717","35.273","40.76","41.546","46.446","62.315","61.557","50.959","52.544",
"Venezuela","299","Primary balance in percent of GDP","GGXONLB_GDP","Value","-7.487","-7.488","-6.821","-7.672","-13.098","-30.274","-9.982","-4.928","-4.553","-5.846",,
"Venezuela","299","Gross debt in percent of GDP","GGXWDG_GDP","Value","85.399","84.897","129.762","138.404","133.61","174.629","205.103","327.725","248.373","159.466",,
"Barbados","316","Primary balance in percent of GDP","GGXONLB_GDP","Value","-3.74","-0.544","-2.01","2.234","3.329","3.437","5.953","-0.975","-0.904","2.548","3.5",
"Barbados","316","Gross debt in percent of GDP","GGXWDG_GDP","Value","135.161","139.18","146.775","149.363","158.098","125.635","118.956","148.758","135.103","122.514","115",
"Belize","339","Gross debt in percent of GDP","GGXWDG_GDP","Value","62.954","61.552","64.525","69.87","77.426","78.063","77.525","101.426","80.123","63.378","59.335",
"Brazil","223","Primary balance in percent of GDP","GGXONLB_GDP","Value","1.972","-0.313","-0.377","-1.6","-2.201","-0.957","-0.335","-7.859","1.986","2.145","-1.242",
"Brazil","223","Gross debt in percent of GDP","GGXWDG_GDP","Value","59.595","61.617","71.73","77.422","82.745","84.777","87.118","96.007","90.068","85.33","88.083",
"Canada","156","Primary balance in percent of GDP","GGXONLB_GDP","Value","-0.994","0.451","0.588","0.131","0.089","0.462","0.104","-10.469","-4.966","-1.251","-0.97",
"Canada","156","Gross debt in percent of GDP","GGXWDG_GDP","Value","87.605","85.541","92.029","92.397","90.942","90.776","90.21","118.872","115.074","107.375","106.38",
"Colombia","233","Primary balance in percent of GDP","GGXONLB_GDP","Value","0.947","-0.161","-1.715","-0.351","-0.497","-2.493","-1.011","-4.392","-4.392","-2.364","0.33",
"Colombia","233","Gross debt in percent of GDP","GGXWDG_GDP","Value","37.592","43.319","50.419","49.796","49.436","53.584","52.401","65.722","64.042","60.354","54.972",
"El Salvador","253","Primary balance in percent of GDP","GGXONLB_GDP","Value","-1.757","-1.316","-0.902","-0.189","0.674","0.899","0.617","-3.839","-1.026","2.152","-0.423",
"El Salvador","253","Gross debt in percent of GDP","GGXWDG_GDP","Value","63.166","65.296","67.038","68.766","70.526","70.354","71.33","88.085","80.44","75.053","72.965",
"Grenada","328","Primary balance in percent of GDP","GGXONLB_GDP","Value","-3.453","-0.659","2.54","5.563","5.679","6.597","6.821","-2.56","2.113","2.573","3.606",
"Antigua and Barbuda","311","Gross Domestic Product, Real, Percent Change, Score","NGDP_R_PC_SCR","Value",,,,,,,,,,,"2",
"Argentina","213","Gross Domestic Product, Real, Percent Change, Score","NGDP_R_PC_SCR","Value",,,,,,,,,,,"1",
"Aruba","314","Gross Domestic Product, Real, Percent Change, Score","NGDP_R_PC_SCR","Value",,,,,,,,,,,"1",
"Bahamas, The","313","Gross Domestic Product, Real, Percent Change, Score","NGDP_R_PC_SCR","Value",,,,,,,,,,,"2",
"Barbados","316","Gross Domestic Product, Real, Percent Change, Score","NGDP_R_PC_SCR","Value",,,,,,,,,,,"2",
"Belize","339","Gross Domestic Product, Real, Percent Change, Score","NGDP_R_PC_SCR","Value",,,,,,,,,,,"1",
"Bolivia","218","Gross Domestic Product, Real, Percent Change, Score","NGDP_R_PC_SCR","Value",,,,,,,,,,,"1",
"Brazil","223","Gross Domestic Product, Real, Percent Change, Score","NGDP_R_PC_SCR","Value",,,,,,,,,,,"1",
"Chile","228","Gross Domestic Product, Real, Percent Change, Score","NGDP_R_PC_SCR","Value",,,,,,,,,,,"0",
"Colombia","233","Gross Domestic Product, Real, Percent Change, Score","NGDP_R_PC_SCR","Value",,,,,,,,,,,"1",
"Costa Rica","238","Gross Domestic Product, Real, Percent Change, Score","NGDP_R_PC_SCR","Value",,,,,,,,,,,"1",
"Dominica","321","Gross Domestic Product, Real, Percent Change, Score","NGDP_R_PC_SCR","Value",,,,,,,,,,,"2",
"Dominican Republic","243","Gross Domestic Product, Real, Percent Change, Score","NGDP_R_PC_SCR","Value",,,,,,,,,,,"1",
"Ecuador","248","Gross Domestic Product, Real, Percent Change, Score","NGDP_R_PC_SCR","Value",,,,,,,,,,,"1",
"El Salvador","253","Gross Domestic Product, Real, Percent Change, Score","NGDP_R_PC_SCR","Value",,,,,,,,,,,"2",
"Grenada","328","Gross Domestic Product, Real, Percent Change, Score","NGDP_R_PC_SCR","Value",,,,,,,,,,,"2",
"Guatemala","258","Gross Domestic Product, Real, Percent Change, Score","NGDP_R_PC_SCR","Value",,,,,,,,,,,"1",
"Guyana","336","Gross Domestic Product, Real, Percent Change, Score","NGDP_R_PC_SCR","Value",,,,,,,,,,,"2",
"Haiti","263","Gross Domestic Product, Real, Percent Change, Score","NGDP_R_PC_SCR","Value",,,,,,,,,,,"1",
"Honduras","268","Gross Domestic Product, Real, Percent Change, Score","NGDP_R_PC_SCR","Value",,,,,,,,,,,"1",
"Jamaica","343","Gross Domestic Product, Real, Percent Change, Score","NGDP_R_PC_SCR","Value",,,,,,,,,,,"2",
"Mexico","273","Gross Domestic Product, Real, Percent Change, Score","NGDP_R_PC_SCR","Value",,,,,,,,,,,"1",
"Nicaragua","278","Gross Domestic Product, Real, Percent Change, Score","NGDP_R_PC_SCR","Value",,,,,,,,,,,"1",
"Panama","283","Gross Domestic Product, Real, Percent Change, Score","NGDP_R_PC_SCR","Value",,,,,,,,,,,"1",
"Paraguay","288","Gross Domestic Product, Real, Percent Change, Score","NGDP_R_PC_SCR","Value",,,,,,,,,,,"2",
"Peru","293","Gross Domestic Product, Real, Percent Change, Score","NGDP_R_PC_SCR","Value",,,,,,,,,,,"1",
"St. Kitts and Nevis","361","Gross Domestic Product, Real, Percent Change, Score","NGDP_R_PC_SCR","Value",,,,,,,,,,,"2",
"St. Lucia","362","Gross Domestic Product, Real, Percent Change, Score","NGDP_R_PC_SCR","Value",,,,,,,,,,,"2",
"St. Vincent and the Grenadines","364","Gross Domestic Product, Real, Percent Change, Score","NGDP_R_PC_SCR","Value",,,,,,,,,,,"2",
"Suriname","366","Gross Domestic Product, Real, Percent Change, Score","NGDP_R_PC_SCR","Value",,,,,,,,,,,"1",
"Trinidad and Tobago","369","Gross Domestic Product, Real, Percent Change, Score","NGDP_R_PC_SCR","Value",,,,,,,,,,,"1",
"Uruguay","298","Gross Domestic Product, Real, Percent Change, Score","NGDP_R_PC_SCR","Value",,,,,,,,,,,"1",
"Venezuela","299","Gross Domestic Product, Real, Percent Change, Score","NGDP_R_PC_SCR","Value",,,,,,,,,,,"2",
